<?xml version="1.0"?>
<!--
/**
 *
 * BSS Commerce Co.
 *
 * NOTICE OF LICENSE
 *
 * This source file is subject to the EULA
 * that is bundled with this package in the file LICENSE.txt.
 * It is also available through the world-wide-web at this URL:
 * http://bsscommerce.com/Bss-Commerce-License.txt
 *
 *  @category  BSS
 *  @package   Bss_ProductLabel
 *  @author    Extension Team
 *  @copyright Copyright (c) 2017-2018 BSS Commerce Co. ( http://bsscommerce.com )
 *  @license   http://bsscommerce.com/Bss-Commerce-License.txt
 */
-->

<config xmlns:xsi="http://www.w3.org/2001/XMLSchema-instance"
        xsi:noNamespaceSchemaLocation="urn:magento:framework:Acl/etc/acl.xsd">
    <acl>
        <resources>
            <resource id="Magento_Backend::admin">
                <resource id="Magento_Backend::marketing">
                    <resource id="Bss_ProductLabel::manage_label" title="BSS Commerce: Manage Product Label" sortOrder="51">
                        <resource id="Bss_ProductLabel::edit_label" title="Create/Edit Product Label" sortOrder="52"/>
                        <resource id="Bss_ProductLabel::delete_label" title="Delete Product Label" sortOrder="53"/>
                    </resource>
                </resource>

                <resource id="Magento_Backend::stores">
                    <resource id="Magento_Backend::stores_settings">
                        <resource id="Magento_Config::config">
                            <resource id="Bss_ProductLabel::config_productlabel"
                                      title="BSS Commerce: Product Label configuration"/>
                        </resource>
                    </resource>
                </resource>
            </resource>
        </resources>
    </acl>
</config>