<?xml version="1.0"?>
<!--
/**
 *
 * BSS Commerce Co.
 *
 * NOTICE OF LICENSE
 *
 * This source file is subject to the EULA
 * that is bundled with this package in the file LICENSE.txt.
 * It is also available through the world-wide-web at this URL:
 * http://bsscommerce.com/Bss-Commerce-License.txt
 *
 *  @category  BSS
 *  @package   Bss_ProductLabel
 *  @author    Extension Team
 *  @copyright Copyright (c) 2017-2018 BSS Commerce Co. ( http://bsscommerce.com )
 *  @license   http://bsscommerce.com/Bss-Commerce-License.txt
 */
-->
<config xmlns:xsi="http://www.w3.org/2001/XMLSchema-instance" xsi:noNamespaceSchemaLocation="urn:magento:framework:Indexer/etc/indexer.xsd">
    <indexer id="bss_product_label" view_id="bss_product_label" class="Bss\ProductLabel\Model\Indexer\LabelIndexer">
        <title translate="true">BSS Commerce Product Label Indexer</title>
        <description translate="true">BSS Commerce Product Label Indexer</description>
        <dependencies>
            <indexer id="catalog_product_attribute" />
        </dependencies>
    </indexer>
</config>