<?xml version="1.0"?>
<config xmlns:xsi="http://www.w3.org/2001/XMLSchema-instance" xsi:noNamespaceSchemaLocation="urn:magento:framework:ObjectManager/etc/config.xsd">
    <type name="Magento\Checkout\Model\CompositeConfigProvider">
        <arguments>
            <argument name="configProviders" xsi:type="array">
                <item name="additional_provider" xsi:type="object">Magenest\RewardPoints\Model\RewardTier</item>
            </argument>
        </arguments>
    </type>
    <type name="Magento\Checkout\Model\DefaultConfigProvider">
        <plugin name="checkout_reward_points" type="\Magenest\RewardPoints\Plugin\ConfigProviderPlugin" />
    </type>
</config>
