<?xml version="1.0"?>
<config xmlns:xsi="http://www.w3.org/2001/XMLSchema-instance" xsi:noNamespaceSchemaLocation="urn:magento:framework:ObjectManager/etc/config.xsd">
    <type name="Aheadworks\Blog\Model\Template\FilterProvider">
        <arguments>
            <argument name="filterClassName" xsi:type="string">Magento\Widget\Model\Template\Filter</argument>
        </arguments>
    </type>
    <preference for="Magento\Sitemap\Model\Sitemap" type="Aheadworks\Blog\Model\Sitemap" />
    <preference for="Aheadworks\Blog\Api\CategoryRepositoryInterface" type="Aheadworks\Blog\Model\ResourceModel\CategoryRepository" />
    <preference for="Aheadworks\Blog\Api\PostRepositoryInterface" type="Aheadworks\Blog\Model\ResourceModel\PostRepository" />
    <preference for="Aheadworks\Blog\Api\TagRepositoryInterface" type="Aheadworks\Blog\Model\ResourceModel\TagRepository" />
    <preference for="Aheadworks\Blog\Api\AuthorRepositoryInterface" type="Aheadworks\Blog\Model\ResourceModel\AuthorRepository" />
    <preference for="Aheadworks\Blog\Api\TagCloudItemRepositoryInterface" type="Aheadworks\Blog\Model\ResourceModel\TagCloudItemRepository" />
    <preference for="Aheadworks\Blog\Api\CommentsServiceInterface" type="Aheadworks\Blog\Model\DisqusCommentsService" />
    <preference for="Aheadworks\Blog\Api\PermissionManagementInterface" type="Aheadworks\Blog\Model\Service\PermissionService" />
    <preference for="Aheadworks\Blog\Api\Data\CategoryInterface" type="Aheadworks\Blog\Model\Data\Category" />
    <preference for="Aheadworks\Blog\Api\Data\ConditionInterface" type="Aheadworks\Blog\Model\Data\Condition" />
    <preference for="Aheadworks\Blog\Api\Data\PostInterface" type="Aheadworks\Blog\Model\Data\Post" />
    <preference for="Aheadworks\Blog\Api\Data\TagInterface" type="Aheadworks\Blog\Model\Data\Tag" />
    <preference for="Aheadworks\Blog\Api\Data\AuthorInterface" type="Aheadworks\Blog\Model\Data\Author" />
    <preference for="Aheadworks\Blog\Api\Data\TagCloudItemInterface" type="Aheadworks\Blog\Model\Data\TagCloudItem" />
    <preference for="Aheadworks\Blog\Api\Data\CategorySearchResultsInterface" type="Magento\Framework\Api\SearchResults" />
    <preference for="Aheadworks\Blog\Api\Data\PostSearchResultsInterface" type="Magento\Framework\Api\SearchResults" />
    <preference for="Aheadworks\Blog\Api\Data\TagSearchResultsInterface" type="Magento\Framework\Api\SearchResults" />
    <preference for="Aheadworks\Blog\Api\Data\AuthorSearchResultsInterface" type="Magento\Framework\Api\SearchResults" />
    <preference for="Aheadworks\Blog\Api\Data\TagCloudItemSearchResultsInterface" type="Aheadworks\Blog\Model\ResourceModel\TagCloudItem\SearchResults" />
    <preference for="Aheadworks\Blog\Model\Serialize\SerializeInterface" type="Aheadworks\Blog\Model\Serialize\Json" />
    <preference for="Aheadworks\Blog\Model\UrlRewrite\MetadataInterface" type="Aheadworks\Blog\Model\UrlRewrite\Metadata" />
    <preference for="Aheadworks\Blog\Model\Preview\UrlInterface" type="Magento\Framework\Url" />
    <preference for="Aheadworks\Blog\Model\Post\StructuredData\ProviderInterface" type="Aheadworks\Blog\Model\Post\StructuredData\CompositeProvider" />
    <preference for="Aheadworks\Blog\Model\Data\Processor\ProcessorInterface" type="Aheadworks\Blog\Model\Data\Processor\Composite" />

    <type name="Aheadworks\Blog\Model\Preview\UrlBuilder">
        <arguments>
            <argument name="urlBuilders" xsi:type="array">
                <item name="frontend" xsi:type="object">Aheadworks\Blog\Model\Preview\UrlInterface</item>
                <item name="adminhtml" xsi:type="object">Magento\Backend\Model\UrlInterface</item>
            </argument>
        </arguments>
    </type>
    <type name="Magento\Framework\View\Element\UiComponent\DataProvider\CollectionFactory">
        <arguments>
            <argument name="collections" xsi:type="array">
                <item name="aw_blog_category_listing_data_source" xsi:type="string">Aheadworks\Blog\Model\ResourceModel\Category\Grid\Collection</item>
                <item name="aw_blog_post_listing_data_source" xsi:type="string">Aheadworks\Blog\Model\ResourceModel\Post\Grid\Collection</item>
                <item name="aw_blog_author_post_listing_data_source" xsi:type="string">Aheadworks\Blog\Model\ResourceModel\Post\Grid\Collection</item>
                <item name="aw_blog_author_listing_data_source" xsi:type="string">Aheadworks\Blog\Model\ResourceModel\Author\Grid\Collection</item>
            </argument>
        </arguments>
    </type>
    <type name="Aheadworks\Blog\Model\ResourceModel\Category\Grid\Collection">
        <arguments>
            <argument name="mainTable" xsi:type="string">aw_blog_category</argument>
            <argument name="resourceModel" xsi:type="string">Aheadworks\Blog\Model\ResourceModel\Category</argument>
        </arguments>
    </type>
    <type name="Aheadworks\Blog\Model\ResourceModel\Post\Grid\Collection">
        <arguments>
            <argument name="mainTable" xsi:type="string">aw_blog_post</argument>
            <argument name="resourceModel" xsi:type="string">Aheadworks\Blog\Model\ResourceModel\Post</argument>
        </arguments>
    </type>
    <type name="Aheadworks\Blog\Model\ResourceModel\Author\Grid\Collection">
        <arguments>
            <argument name="mainTable" xsi:type="string">aw_blog_author</argument>
            <argument name="resourceModel" xsi:type="string">Aheadworks\Blog\Model\ResourceModel\Author</argument>
        </arguments>
    </type>
    <virtualType name="BlogGirdFilterPool" type="Magento\Framework\View\Element\UiComponent\DataProvider\FilterPool">
        <arguments>
            <argument name="appliers" xsi:type="array">
                <item name="regular" xsi:type="object">Magento\Framework\View\Element\UiComponent\DataProvider\RegularFilter</item>
                <item name="fulltext" xsi:type="object">Magento\Framework\View\Element\UiComponent\DataProvider\FulltextFilter</item>
            </argument>
        </arguments>
    </virtualType>
    <virtualType name="BlogCategoryGridDataProvider" type="Magento\Framework\View\Element\UiComponent\DataProvider\DataProvider">
        <arguments>
            <argument name="collection" xsi:type="object" shared="false">Aheadworks\Blog\Model\ResourceModel\Category\Collection</argument>
            <argument name="filterPool" xsi:type="object" shared="false">BlogGirdFilterPool</argument>
        </arguments>
    </virtualType>
    <virtualType name="BlogPostGridDataProvider" type="Magento\Framework\View\Element\UiComponent\DataProvider\DataProvider">
        <arguments>
            <argument name="collection" xsi:type="object" shared="false">Aheadworks\Blog\Model\ResourceModel\Post\Collection</argument>
            <argument name="filterPool" xsi:type="object" shared="false">BlogGirdFilterPool</argument>
        </arguments>
    </virtualType>
    <type name="Magento\Framework\EntityManager\MetadataPool">
        <arguments>
            <argument name="metadata" xsi:type="array">
                <item name="Aheadworks\Blog\Api\Data\CategoryInterface" xsi:type="array">
                    <item name="entityTableName" xsi:type="string">aw_blog_category</item>
                    <item name="identifierField" xsi:type="string">id</item>
                </item>
                <item name="Aheadworks\Blog\Api\Data\PostInterface" xsi:type="array">
                    <item name="entityTableName" xsi:type="string">aw_blog_post</item>
                    <item name="identifierField" xsi:type="string">id</item>
                </item>
                <item name="Aheadworks\Blog\Api\Data\TagInterface" xsi:type="array">
                    <item name="entityTableName" xsi:type="string">aw_blog_tag</item>
                    <item name="identifierField" xsi:type="string">id</item>
                </item>
                <item name="Aheadworks\Blog\Api\Data\AuthorInterface" xsi:type="array">
                    <item name="entityTableName" xsi:type="string">aw_blog_author</item>
                    <item name="identifierField" xsi:type="string">id</item>
                </item>
            </argument>
        </arguments>
    </type>
    <type name="Magento\Framework\EntityManager\Operation\ExtensionPool">
        <arguments>
            <argument name="extensionActions" xsi:type="array">
                <item name="Aheadworks\Blog\Api\Data\CategoryInterface" xsi:type="array">
                    <item name="read" xsi:type="array">
                        <item name="storeReader" xsi:type="string">Aheadworks\Blog\Model\ResourceModel\Category\Relation\Store\ReadHandler</item>
                    </item>
                    <item name="create" xsi:type="array">
                        <item name="storeCreator" xsi:type="string">Aheadworks\Blog\Model\ResourceModel\Category\Relation\Store\SaveHandler</item>
                    </item>
                    <item name="update" xsi:type="array">
                        <item name="storeUpdater" xsi:type="string">Aheadworks\Blog\Model\ResourceModel\Category\Relation\Store\SaveHandler</item>
                    </item>
                </item>
                <item name="Aheadworks\Blog\Api\Data\PostInterface" xsi:type="array">
                    <item name="read" xsi:type="array">
                        <item name="storeReader" xsi:type="string">Aheadworks\Blog\Model\ResourceModel\Post\Relation\Store\ReadHandler</item>
                        <item name="categoryReader" xsi:type="string">Aheadworks\Blog\Model\ResourceModel\Post\Relation\Category\ReadHandler</item>
                        <item name="authorReader" xsi:type="string">Aheadworks\Blog\Model\ResourceModel\Post\Relation\Author\ReadHandler</item>
                        <item name="tagReader" xsi:type="string">Aheadworks\Blog\Model\ResourceModel\Post\Relation\Tag\ReadHandler</item>
                        <item name="relatedProductReader" xsi:type="string">Aheadworks\Blog\Model\ResourceModel\Post\Relation\RelatedProduct\ReadHandler</item>
                    </item>
                    <item name="create" xsi:type="array">
                        <item name="storeCreator" xsi:type="string">Aheadworks\Blog\Model\ResourceModel\Post\Relation\Store\SaveHandler</item>
                        <item name="categoryCreator" xsi:type="string">Aheadworks\Blog\Model\ResourceModel\Post\Relation\Category\SaveHandler</item>
                        <item name="tagCreator" xsi:type="string">Aheadworks\Blog\Model\ResourceModel\Post\Relation\Tag\SaveHandler</item>
                    </item>
                    <item name="update" xsi:type="array">
                        <item name="storeUpdater" xsi:type="string">Aheadworks\Blog\Model\ResourceModel\Post\Relation\Store\SaveHandler</item>
                        <item name="categoryUpdater" xsi:type="string">Aheadworks\Blog\Model\ResourceModel\Post\Relation\Category\SaveHandler</item>
                        <item name="tagUpdater" xsi:type="string">Aheadworks\Blog\Model\ResourceModel\Post\Relation\Tag\SaveHandler</item>
                    </item>
                </item>
            </argument>
        </arguments>
    </type>
    <type name="Gene\BlueFoot\Block\Element\Editor">
        <arguments>
            <argument name="supportedModules" xsi:type="array">
                <item name="Aheadworks_Blog" xsi:type="string">Aheadworks_Blog</item>
            </argument>
        </arguments>
    </type>
    <type name="Magento\Catalog\Model\Product">
        <plugin name="awBlogProductPlugin" type="\Aheadworks\Blog\Model\Plugin\Product" />
    </type>
    <type name="Magento\Ui\Component\Form\Field">
        <plugin name="awFieldPlugin" type="\Aheadworks\Blog\Ui\Component\Form\FieldPlugin" />
    </type>
    <type name="Aheadworks\Blog\Model\Indexer\MultiThread\PostDimensionProvider">
        <arguments>
            <argument name="dimensionSize" xsi:type="number">200</argument>
        </arguments>
    </type>
    <type name="Aheadworks\Blog\Model\ResourceModel\Indexer\ProductPost\DataProcessor\BatchingProcessor">
        <arguments>
            <argument name="batchRowsCount" xsi:type="number">500</argument>
        </arguments>
    </type>
    <virtualType name="Aheadworks\Blog\Model\ResourceModel\Indexer\ProductPost\DataProcessor\BatchSizeManagement" type="Magento\Framework\Indexer\BatchSizeManagement">
        <arguments>
            <argument name="rowSizeEstimator" xsi:type="object">AheadworksBlogIndexTableRowSizeEstimator</argument>
        </arguments>
    </virtualType>
    <virtualType name="AheadworksBlogIndexTableRowSizeEstimator" type="Magento\Framework\Indexer\IndexTableRowSizeEstimator">
        <arguments>
            <argument name="rowMemorySize" xsi:type="number">100</argument>
        </arguments>
    </virtualType>
    <type name="Magento\Framework\App\Rss\RssManagerInterface">
        <arguments>
            <argument name="dataProviders" xsi:type="array">
                <item name="aw_blog_posts" xsi:type="string">Aheadworks\Blog\Block\Post\Rss\Listing</item>
            </argument>
        </arguments>
    </type>
    <type name="Aheadworks\Blog\Model\Sitemap\ItemsProviderComposite">
        <arguments>
            <argument name="providers" xsi:type="array">
                <item name="static_pages" xsi:type="object">Aheadworks\Blog\Model\Sitemap\ItemsProvider\StaticPages</item>
                <item name="category" xsi:type="object">Aheadworks\Blog\Model\Sitemap\ItemsProvider\Category</item>
                <item name="post" xsi:type="object">Aheadworks\Blog\Model\Sitemap\ItemsProvider\Post</item>
                <item name="author" xsi:type="object">Aheadworks\Blog\Model\Sitemap\ItemsProvider\Author</item>
            </argument>
        </arguments>
    </type>
    <type name="Aheadworks\Blog\Ui\Component\Post\Listing\MassAction\Author\Options">
        <arguments>
            <argument name="data" xsi:type="array">
                <item name="urlPath" xsi:type="string">aw_blog_admin/post/massAssign</item>
                <item name="paramName" xsi:type="string">assign_author_id</item>
                <item name="confirm" xsi:type="array">
                    <item name="title" xsi:type="string" translate="true">Assign to Author</item>
                    <item name="message" xsi:type="string" translate="true">Are you sure to assign selected posts to author?</item>
                </item>
            </argument>
        </arguments>
    </type>

    <type name="Aheadworks\Blog\Model\Post\StructuredData\CompositeProvider">
        <arguments>
            <argument name="providers" xsi:type="array">
                <item name="base" xsi:type="object">Aheadworks\Blog\Model\Post\StructuredData\Provider\Base</item>
                <item name="author" xsi:type="object">Aheadworks\Blog\Model\Post\StructuredData\Provider\Author</item>
                <item name="dates" xsi:type="object">Aheadworks\Blog\Model\Post\StructuredData\Provider\Dates</item>
                <item name="mainEntityOfPage" xsi:type="object">Aheadworks\Blog\Model\Post\StructuredData\Provider\MainEntityOfPage</item>
                <item name="image" xsi:type="object">Aheadworks\Blog\Model\Post\StructuredData\Provider\Image</item>
                <item name="publisher" xsi:type="object">Aheadworks\Blog\Model\Post\StructuredData\Provider\Publisher</item>
            </argument>
        </arguments>
    </type>

    <type name="Aheadworks\Blog\Model\ResourceModel\PostRepository">
        <arguments>
            <argument name="metadataCreator" xsi:type="object">Aheadworks\Blog\Model\UrlRewrite\Metadata\Creator\EntityType\Post</argument>
        </arguments>
    </type>
    <type name="Aheadworks\Blog\Model\ResourceModel\AuthorRepository">
        <arguments>
            <argument name="metadataCreator" xsi:type="object">Aheadworks\Blog\Model\UrlRewrite\Metadata\Creator\EntityType\Author</argument>
        </arguments>
    </type>
    <type name="Aheadworks\Blog\Model\ResourceModel\CategoryRepository">
        <arguments>
            <argument name="metadataCreator" xsi:type="object">Aheadworks\Blog\Model\UrlRewrite\Metadata\Creator\EntityType\Category</argument>
        </arguments>
    </type>
</config>
