<?xml version="1.0" ?>
<!--
/**
 * Copyright © MagePal LLC. All rights reserved.
 * See COPYING.txt for license details.
 * https://www.magepal.com | support@magepal.com
 */
-->
<config xmlns:xsi="http://www.w3.org/2001/XMLSchema-instance" xsi:noNamespaceSchemaLocation="urn:magento:module:Magento_Config:etc/system_file.xsd">
	<system>
		<tab id="magepal" sortOrder="400" translate="label">
			<label>MagePal</label>
		</tab>
		<section id="magepal_reindex" showInDefault="1" showInStore="1" showInWebsite="1" sortOrder="5" translate="label">
			<label>Reindex</label>
			<tab>magepal</tab>
			<resource>MagePal_Reindex::config_magepal_reindex</resource>
			<group id="about" showInDefault="1" showInStore="1" showInWebsite="1" sortOrder="0" translate="label">
				<attribute type="expanded">1</attribute>
				<label>About MagePal Reindex</label>
				<comment><![CDATA[
                    <div id="magepal-info">
                        Copyright © 2021 <a href="https://www.magepal.com/magento2/extensions.html?utm_source=reindex&utm_medium=admin" target="_blank">MagePal, LLC</a>
                        <a href="https://www.magepal.com/help/docs/how-to-reindex-magento-2/?utm_source=reindex&utm_medium=admin#documentation" target="_blank">Documentation</a>
                        <a href="https://www.magepal.com/help/docs/how-to-reindex-magento-2/?utm_source=reindex&utm_medium=admin#support">Support</a>
                        <a href="https://www.magepal.com/help/docs/how-to-reindex-magento-2?utm_source=reindex&utm_medium=admin#current_version" target="_blank">Latest Version</a>
                        <a href="https://www.magepal.com/reindex.html?utm_source=reindex&utm_medium=admin" target="_blank">Extension Detail</a>
                        <a href="https://www.magepal.com/magento2/extensions.html?utm_source=reindex&utm_medium=admin" target="_blank">More Extensions</a>
                    </div>
                    <hr style="border-top: 1px solid #e3e3e3" />
                    <style>
                        #magepal-info a {
                            font-weight: bold;
                            border-left: 2px solid #e3e3e3;
                            padding-left:10px;
                            padding-right:10px;
                            color: #ef7e1e;
                        }

                        #magepal-info a:first-child {
                            padding-left: 5px;
                            border-left: none;
                        }

                        #magepal-info {
                            padding-bottom: 5px;
                        }
                     </style>]]></comment>
				<field id="MagePal_Reindex" translate="label" type="label" sortOrder="1" showInDefault="1" showInWebsite="0" showInStore="0">
					<label>Composer Version</label>
					<frontend_model>MagePal\Core\Block\Adminhtml\System\Config\Composer\Version</frontend_model>
				</field>
				<field id="link" translate="label" type="label" sortOrder="2" showInDefault="1" showInWebsite="0" showInStore="0">
					<label>Configuration</label>
					<frontend_model>MagePal\Reindex\Block\Adminhtml\System\Config\Form\Field\Link</frontend_model>
				</field>

				<field id="strategy" translate="label" type="select" sortOrder="2" showInDefault="1" showInWebsite="0" showInStore="0">
					<label>Strategy</label>
					<source_model>MagePal\Reindex\Block\Adminhtml\System\Config\Source\Strategy</source_model>
				</field>
			</group>
		</section>
	</system>
</config>
