<?xml version="1.0"?>
<!--
/**
 * @author Rootways Inc. Team
 * @copyright Copyright (c) 2021 Rootways (https://www.rootways.com)
 * @package Rootways_Canadapost
 */
-->
<config xmlns:xsi="http://www.w3.org/2001/XMLSchema-instance" xsi:noNamespaceSchemaLocation="urn:magento:framework:Acl/etc/acl.xsd">
    <acl>
        <resources>
            <resource id="Magento_Backend::admin">
                <resource id="Magento_Backend::stores">
                    <resource id="Magento_Backend::stores_settings">
                        <resource id="Magento_Config::config">
                            <resource id="Rootways_Canadapost::config_canadapost" title="Rootways Canadapost" sortOrder="120" />
                        </resource>
                    </resource>
                </resource>
                <resource id="Magento_Sales::sales" title="Sales" translate="title" sortOrder="20">
                    <resource id="Magento_Sales::sales_operation" title="Operations" translate="title" sortOrder="10">
                        <resource id="Rootways_Canadapost::rwcanadapost_shipping" title="Rootways Manifests" translate="title" sortOrder="20" />
                    </resource>
                </resource>
            </resource>
        </resources>
    </acl>
</config>
