<?xml version="1.0"?>
<!--
/**
 *
 * BSS Commerce Co.
 *
 * NOTICE OF LICENSE
 *
 * This source file is subject to the EULA
 * that is bundled with this package in the file LICENSE.txt.
 * It is also available through the world-wide-web at this URL:
 * http://bsscommerce.com/Bss-Commerce-License.txt
 *
 *  @category  BSS
 *  @package   Bss_ProductLabel
 *  @author    Extension Team
 *  @copyright Copyright (c) 2017-2018 BSS Commerce Co. ( http://bsscommerce.com )
 *  @license   http://bsscommerce.com/Bss-Commerce-License.txt
 */
-->

<config xmlns:xsi="http://www.w3.org/2001/XMLSchema-instance" xsi:noNamespaceSchemaLocation="urn:magento:module:Magento_Config:etc/system_file.xsd">
    <system>
        <tab id="bss" translate="label" sortOrder="300">
            <label><![CDATA[Bss Commerce]]></label>
        </tab>
        <section id="productlabel" translate="label" sortOrder="20" showInDefault="1" showInWebsite="1" showInStore="1">
            <class>separator-top</class>
            <label>Product Label</label>
            <tab>bss</tab>
            <resource>Bss_ProductLabel::config_productlabel</resource>
            <group id="general" translate="label" type="text" sortOrder="1" showInDefault="1" showInWebsite="1" showInStore="1">
                <label>General Configuration</label>
                <field id="enable" translate="label" type="select" sortOrder="1" showInDefault="1" showInWebsite="1" showInStore="1">
                    <label>Enable Module</label>
                    <source_model>Magento\Config\Model\Config\Source\Yesno</source_model>
                    <comment><![CDATA[Version 1.1.6]]></comment>
                </field>
                <field id="not_display_label_on" translate="label comment" type="multiselect" sortOrder="2" showInDefault="1" showInWebsite="1" showInStore="1">
                    <label>Label does not display on</label>
                    <source_model>Bss\ProductLabel\Model\Config\Source\PageDisplayLabel</source_model>
                    <can_be_empty>1</can_be_empty>
                    <comment><![CDATA[Skip to show label on all pages]]></comment>
                    <depends><field id="enable">1</field></depends>
                </field>
                <field id="display_multiple_label" translate="label" type="select" sortOrder="1" showInDefault="1" showInWebsite="1" showInStore="1">
                    <label>Display multiple labels on product</label>
                    <source_model>Magento\Config\Model\Config\Source\Yesno</source_model>
                    <depends><field id="enable">1</field></depends>
                </field>
                <field id="display_only_out_of_stock_label" translate="label" type="select" sortOrder="1" showInDefault="1" showInWebsite="1" showInStore="1">
                    <label>If product is out of stock, only show "Out of Stock" label</label>
                    <source_model>Magento\Config\Model\Config\Source\Yesno</source_model>
                    <depends><field id="enable">1</field></depends>
                </field>
            </group>
            <group id="display" translate="label" type="text" sortOrder="2" showInDefault="1" showInWebsite="1" showInStore="1">
                <label>Display Configuration</label>
                <field id="product_page" translate="label" type="text" sortOrder="1" showInDefault="1" showInWebsite="1" showInStore="1">
                    <label>Product Page Label Container</label>
                    <comment><![CDATA[Magento default: '.fotorama__stage'. Change selector of Container Image Product according to theme/site.]]></comment>
                    <depends><field id="productlabel/general/enable">1</field></depends>
                </field>
                <field id="product_list" translate="label" type="text" sortOrder="2" showInDefault="1" showInWebsite="1" showInStore="1">
                    <label>Product List Label Container</label>
                    <comment><![CDATA[Magento default: '.product-image-container'. Change selector of Container Image Product according to theme/site.]]></comment>
                    <depends><field id="productlabel/general/enable">1</field></depends>
                </field>
            </group>
        </section>
    </system>
</config>