<?xml version="1.0"?>
<!--
/**
 * @author Rootways Inc. Team
 * @copyright Copyright (c) 2021 Rootways (https://www.rootways.com)
 * @package Rootways_Canadapost
 */
-->
<config xmlns:xsi="http://www.w3.org/2001/XMLSchema-instance" xsi:noNamespaceSchemaLocation="urn:magento:framework:Module/etc/module.xsd">
    <module name="Rootways_Canadapost" setup_version="2.0.0">
        <sequence>
            <module name="Magento_Store"/>
            <module name="Magento_Sales"/>
            <module name="Magento_Quote"/>
            <module name="Magento_SalesRule"/>
        </sequence>
    </module>
</config>
