<?xml version="1.0" encoding="UTF-8"?>
<csp_whitelist xmlns:xsi="http://www.w3.org/2001/XMLSchema-instance" 	xsi:noNamespaceSchemaLocation="urn:magento:module:Magento_Csp:etc/csp_whitelist.xsd">
    <policies>
        <policy id="font-src">
            <values>
                <value id="gstatic" type="host">fonts.gstatic.com</value>
            </values>
        </policy>
        <policy id="script-src">
            <values>
                <value id="google_js" type="host">*.googleadservices.com</value>
                <value id="gstatic" type="host">*.gstatic.com</value>
                <value id="google" type="host">*.google.com</value>
            </values>
        </policy>
    </policies>
</csp_whitelist>
