<?xml version="1.0"?>
<!--
/**
 * Copyright © 2015 Magenest. All rights reserved.
 */
-->
<config xmlns:xsi="http://www.w3.org/2001/XMLSchema-instance" xsi:noNamespaceSchemaLocation="urn:magento:framework:ObjectManager/etc/config.xsd">
    <preference for="Magento\Sales\Block\Adminhtml\Order\Totals" type="Magenest\RewardPoints\Block\Adminhtml\Order\Totals"/>
    <preference for="Magento\Sales\Block\Adminhtml\Order\Invoice\Totals" type="Magenest\RewardPoints\Block\Adminhtml\Order\Invoice\Totals"/>
    <preference for="Magento\Sales\Block\Adminhtml\Order\Creditmemo\Totals" type="Magenest\RewardPoints\Block\Adminhtml\Order\Creditmemo\Totals"/>
    <virtualType name="AccountGridFilterPool" type="Magento\Framework\View\Element\UiComponent\DataProvider\FilterPool">
        <arguments>
            <argument name="appliers" xsi:type="array">
                <item name="regular" xsi:type="object">Magento\Framework\View\Element\UiComponent\DataProvider\RegularFilter</item>
                <item name="fulltext" xsi:type="object">Magento\Framework\View\Element\UiComponent\DataProvider\FulltextFilter</item>
            </argument>
        </arguments>
    </virtualType>
    <type name="Magenest\RewardPoints\Model\ResourceModel\Account\Grid\Collection">
        <arguments>
            <argument name="mainTable" xsi:type="string">magenest_rewardpoints_account</argument>
            <argument name="resourceModel" xsi:type="string">Magenest\RewardPoints\Model\ResourceModel\Account</argument>
        </arguments>
    </type>
    <type name="Magento\Framework\View\Element\UiComponent\DataProvider\CollectionFactory">
        <arguments>
            <argument name="collections" xsi:type="array">
                <item name="rewardpoints_account_listing_data_source" xsi:type="string">Magenest\RewardPoints\Model\ResourceModel\Account\Grid\Collection</item>
                <item name="rewardpoints_transaction_listing_data_source" xsi:type="string">Magenest\RewardPoints\Model\ResourceModel\Transaction\Grid\Collection</item>
                <item name="rewardpoints_rule_listing_data_source" xsi:type="string">Magenest\RewardPoints\Model\ResourceModel\Rule\Grid\Collection</item>
            </argument>
        </arguments>
    </type>
    <virtualType name="TransactionGridFilterPool" type="Magento\Framework\View\Element\UiComponent\DataProvider\FilterPool">
        <arguments>
            <argument name="appliers" xsi:type="array">
                <item name="regular" xsi:type="object">Magento\Framework\View\Element\UiComponent\DataProvider\RegularFilter</item>
                <item name="fulltext" xsi:type="object">Magento\Framework\View\Element\UiComponent\DataProvider\FulltextFilter</item>
            </argument>
        </arguments>
    </virtualType>
    <type name="Magenest\RewardPoints\Model\ResourceModel\Transaction\Grid\Collection">
        <arguments>
            <argument name="mainTable" xsi:type="string">magenest_rewardpoints_transaction</argument>
            <argument name="resourceModel" xsi:type="string">Magenest\RewardPoints\Model\ResourceModel\Transaction</argument>
        </arguments>
    </type>
    <virtualType name="RuleGridFilterPool" type="Magento\Framework\View\Element\UiComponent\DataProvider\FilterPool">
        <arguments>
            <argument name="appliers" xsi:type="array">
                <item name="regular" xsi:type="object">Magento\Framework\View\Element\UiComponent\DataProvider\RegularFilter</item>
                <item name="fulltext" xsi:type="object">Magento\Framework\View\Element\UiComponent\DataProvider\FulltextFilter</item>
            </argument>
        </arguments>
    </virtualType>
    <virtualType name="Magenest\RewardPoints\Model\ResourceModel\Rule\Grid\Collection" type="Magento\Framework\View\Element\UiComponent\DataProvider\SearchResult">
        <arguments>
            <argument name="mainTable" xsi:type="string">magenest_rewardpoints_rule</argument>
            <argument name="resourceModel" xsi:type="string">Magenest\RewardPoints\Model\ResourceModel\Rule</argument>
        </arguments>
    </virtualType>
    <type name="Magento\Catalog\Block\Product\AbstractProduct">
        <plugin name="rewardpoint" type="\Magenest\RewardPoints\Plugin\PointDetail" sortOrder="100"/>
    </type>
    <type name="Magento\CatalogSearch\Block\SearchResult\ListProduct">
        <plugin name="rewardpoint" type="\Magenest\RewardPoints\Plugin\PointDetail" sortOrder="110"/>
    </type>
    <type name="Magenest\RewardPoints\Logger\Handler">
        <arguments>
            <argument name="filesystem" xsi:type="object">Magento\Framework\Filesystem\Driver\File</argument>
        </arguments>
    </type>
    <type name="Magenest\RewardPoints\Logger\Logger">
        <arguments>
            <argument name="name" xsi:type="string">RewardPointsLogger</argument>
            <argument name="handlers" xsi:type="array">
                <item name="system" xsi:type="object">Magenest\RewardPoints\Logger\Handler</item>
            </argument>
        </arguments>
    </type>
    <type name="Magento\Developer\Model\TemplateEngine\Plugin\DebugHints">
        <arguments>
            <argument name="debugHintsPath" xsi:type="string">dev/debug/template_hints_storefront</argument>
            <argument name="debugHintsWithParam" xsi:type="string">dev/debug/template_hints_storefront_show_with_parameter</argument>
            <argument name="debugHintsParameter" xsi:type="string">dev/debug/template_hints_parameter_value</argument>
        </arguments>
    </type>

    <!-- API -->
    <preference for="Magenest\RewardPoints\Api\ProcessPointInterface"
                type="Magenest\RewardPoints\Model\Api\ProcessPoint" />
<!--    Export the grid in admin-->
    <preference for="Magento\Ui\Model\Export\ConvertToCsv" type="Magenest\RewardPoints\Model\Export\ConvertToCsv" />
</config>
