<?xml version="1.0"?>
<!--
/**
 * Copyright © 2018 Magenest. All rights reserved.
 * See COPYING.txt for license details.
 *
 * Magenest_RewardPoints extension
 * NOTICE OF LICENSE
 *
 * @category Magenest
 * @package Magenest_RewardPoints
 */
-->
<config xmlns:xsi="http://www.w3.org/2001/XMLSchema-instance" xsi:noNamespaceSchemaLocation="urn:magento:framework:Module/etc/module.xsd">
    <module name="Magenest_RewardPoints" setup_version="1.2.0">
        <sequence>
            <module name="Magento_Sales"/>
            <module name="Magento_Customer"/>
            <module name="Magento_SalesRule"/>
            <module name="Magento_Paypal"/>
        </sequence>
    </module>
</config>
