<?xml version="1.0"?>
<!--
/**
 * Copyright © 2015 Magento. All rights reserved.
 * See COPYING.txt for license details.
 */
-->
<config xmlns:xsi="http://www.w3.org/2001/XMLSchema-instance" xsi:noNamespaceSchemaLocation="urn:magento:module:Magento_Sales:etc/sales.xsd">
    <section name="quote">
        <group name="totals">
            <item name="reward-magenest" instance="Magenest\RewardPoints\Model\Total\Quote\RewardPoint" sort_order="549"/>
        </group>
    </section>
    <section name="order_invoice">
        <group name="totals">
            <item name="reward-magenest" instance="Magenest\RewardPoints\Model\Total\Invoice\RewardPoint" sort_order="700"/>
        </group>
    </section>
    <section name="order_creditmemo">
        <group name="totals">
            <item name="reward-magenest" instance="Magenest\RewardPoints\Model\Total\CreditMemo\RewardPoint" sort_order="200"/>
        </group>
    </section>
</config>
