<?xml version="1.0"?>
<csp_whitelist xmlns:xsi="http://www.w3.org/2001/XMLSchema-instance" xsi:noNamespaceSchemaLocation="urn:magento:module:Magento_Csp/etc/csp_whitelist.xsd">
    <policies>
        <policy id="connect-src">
            <values>
                <value id="canadapost-mainurl" type="host">canadapost.ca</value>
                <value id="canadapost-url" type="host">ct.soa-gw.canadapost.ca</value>
                <value id="canadapost-devurl" type="host">soa-gw.canadapost.ca</value>
            </values>
        </policy>
        <policy id="frame-src">
            <values>
                <value id="canadapost-mainurl" type="host">canadapost.ca</value>
                <value id="canadapost-url" type="host">ct.soa-gw.canadapost.ca</value>
                <value id="canadapost-devurl" type="host">soa-gw.canadapost.ca</value>
            </values>
        </policy>
    </policies>
</csp_whitelist>
