<?xml version="1.0"?>
<!--
/**
 * @author CynoInfotech Team
 * @package Cynoinfotech_ShippingRestrictions
 */
-->
<config xmlns:xsi="http://www.w3.org/2001/XMLSchema-instance" xsi:noNamespaceSchemaLocation="urn:magento:framework:ObjectManager/etc/config.xsd">	
	
	<preference for="Magento\Quote\Model\Quote\Address\Rate" type="Cynoinfotech\ShippingRestrictions\Model\Quote\Address\Rate"/>	
		
	<virtualType name="ShippingrestrictionsGridDataProvider" type="Magento\Framework\View\Element\UiComponent\DataProvider\DataProvider">
        <arguments>
            <argument name="collection" xsi:type="object" shared="false">Cynoinfotech\ShippingRestrictions\Model\ResourceModel\Shippingrestrictions\Collection</argument>
            <argument name="filterPool" xsi:type="object" shared="false">ShippingrestrictionsGirdFilterPool</argument>
        </arguments>
    </virtualType>	
	
	<virtualType name="ShippingrestrictionsGirdFilterPool" type="Magento\Framework\View\Element\UiComponent\DataProvider\FilterPool">
        <arguments>
            <argument name="appliers" xsi:type="array">
                <item name="regular" xsi:type="object">Magento\Framework\View\Element\UiComponent\DataProvider\RegularFilter</item>
                <item name="fulltext" xsi:type="object">Magento\Framework\View\Element\UiComponent\DataProvider\FulltextFilter</item>
            </argument>
        </arguments>
    </virtualType>
	
	<virtualType name="Cynoinfotech\ShippingRestrictions\Model\ResourceModel\Shippingrestrictions\Grid\Collection" type="Magento\Framework\View\Element\UiComponent\DataProvider\SearchResult">
        <arguments>
			<argument name="mainTable" xsi:type="string">ci_shippingrestrictions</argument>
            <argument name="resourceModel" xsi:type="string">Cynoinfotech\ShippingRestrictions\Model\ResourceModel\Shippingrestrictions</argument>
        </arguments>
    </virtualType>
	
	<type name="Magento\Framework\View\Element\UiComponent\DataProvider\CollectionFactory">
        <arguments>
            <argument name="collections" xsi:type="array">
                <item name="shippingrestrictions_index_grid_data_source" xsi:type="string">Cynoinfotech\ShippingRestrictions\Model\ResourceModel\Shippingrestrictions\Grid\Collection</item>                
            </argument>
        </arguments>
    </type>      
  
</config>